vendorID,theme,homeState,carnivals,complaints,est_energy,est_hourly_vol,LL_passholder,est_hourly_gross
1,Hot Chocolate/Warm Treats,Maine,3,9,57.29196139,118,0,217.93
2,Local Artists,Vermont,1,2,39.40489781,105,1,209.51
3,Fortune Teller,New Hampshire,5,4,47.17595784,94,0,200.68
4,Fried Dough and Pizza,Maine,8,0,58.1925683,118,0,251.4
5,craft beer,New Hampshire,7,6,56.65790831,102,0,168.76
6,Homemade Holiday Gifts,Maine,5,7,39.01160589,106,0,210.85
7,Video Game/eSports,Quebec,7,6,61.09916906,111,0,167.16
8,Homemade Holiday Gifts,Vermont,9,10,36.15473236,117,0,283.6
9,Games Of Chance,Maine,7,5,53.17723895,116,0,154.96
10,Steaming Hot Cocktails,Maine,2,10,50.63750997,109,0,188.86
11,Fried Dough and Pizza,Maine,3,3,36.03580138,91,0,217.5
12,Games Of Chance,Quebec,6,11,61.66178909,119,0,219.69
13,Canadian Snacks,Maine,4,10,18.20526615,116,1,232.3
14,Homemade Holiday Gifts,Maine,4,5,30.0291638,123,0,159.81
15,Video Game/eSports,Maine,6,5,56.314699,95,1,226.56
16,Fried Dough and Pizza,Connecticut,8,11,62.89002185,103,0,190.48
17,Games Of Chance,Maine,5,9,39.905865,110,1,203.73
18,Homemade Holiday Gifts,Maine,4,12,27.11520358,107,0,211.01
19,Local Artists,Maine,1,9,35.69257219,126,0,233.77
20,Canadian Snacks,Vermont,6,2,58.84337726,105,0,242.01
21,Homemade Holiday Gifts,New Hampshire,6,4,44.46958647,134,1,226.81
22,Fried Dough and Pizza,Maine,4,0,62.76299636,102,0,201.18
23,Steaming Hot Cocktails,Vermont,4,16,63.98916979,123,0,238.46
24,Fried Dough and Pizza,Maine,3,9,57.32420684,119,0,240.97
25,Hot Chocolate/Warm Treats,Massachusetts,11,16,48.70906004,111,0,176.44
26,Maine Tourism Promotion,Maine,4,11,53.57192714,99,0,207.62
27,Games Of Chance,New Hampshire,3,7,52.58942232,99,0,226.32
28,Hot Chocolate/Warm Treats,Maine,3,0,55.55765348,116,0,207.15
29,Fried Dough and Pizza,Vermont,6,19,47.55271684,96,0,209.51
30,Games Of Chance,Maine,6,0,58.92879421,110,0,211.5
31,Steaming Hot Cocktails,Quebec,4,7,42.40245277,107,0,185.82
32,Homemade Holiday Gifts,Connecticut,3,9,34.71416884,133,0,258.22
33,Local Artists,Maine,5,0,47.36864833,109,0,234.25
34,Fried Dough and Pizza,Maine,7,0,41.66914297,100,0,243.31
35,Fortune Teller,Maine,7,3,21.81954336,105,0,211.09
36,Games Of Chance,New Hampshire,3,3,23.35249071,131,0,234.24
37,Homemade Holiday Gifts,New Hampshire,7,6,35.28167684,111,0,207.08
38,craft beer,Maine,7,13,56.83281244,100,0,179.83
39,Video Game/eSports,Maine,3,17,56.71786824,98,0,214.96
40,Canadian Snacks,Maine,1,4,58.48624954,104,0,171.49
41,Games Of Chance,Maine,4,4,43.59516424,118,0,217.67
42,Homemade Holiday Gifts,Vermont,6,6,51.21013329,100,0,194.4
43,Hot Chocolate/Warm Treats,Maine,7,5,35.22278025,117,0,200.88
44,Games Of Chance,Maine,4,7,43.16505599,137,1,231.52
45,Homemade Holiday Gifts,Quebec,4,11,24.32761087,98,0,245.42
46,Canadian Snacks,Connecticut,3,12,58.26543456,93,0,187.3
47,Fried Dough and Pizza,New Hampshire,8,3,57.51076506,120,0,279.11
48,Fortune Teller,Maine,8,5,38.86883382,106,0,223
49,Local Artists,Maine,2,6,35.09646414,112,0,230.94
50,Fried Dough and Pizza,Maine,5,12,69.96105647,114,0,174.52
51,Homemade Holiday Gifts,Maine,6,15,24.284055,117,0,238.15
52,Fried Dough and Pizza,Maine,3,5,35.87298653,115,0,285.52
53,Hot Chocolate/Warm Treats,Quebec,9,10,55.16923814,104,0,198.98
54,Fried Dough and Pizza,Maine,0,0,60.70446757,112,0,281.94
55,Games Of Chance,Maine,6,0,46.61479035,128,0,225.47
56,Fried Dough and Pizza,Quebec,6,0,51.91583371,91,0,208.23
57,Canadian Snacks,Maine,5,0,46.17332334,114,0,256.38
58,Hot Chocolate/Warm Treats,Maine,5,0,56.79350038,117,1,207.63
59,Hot Chocolate/Warm Treats,Maine,4,8,38.13435936,104,1,225.17
60,Fried Dough and Pizza,Maine,5,4,33.84412191,147,0,225.11
61,Hot Chocolate/Warm Treats,Connecticut,7,5,42.48731558,118,1,222.53
62,Fried Dough and Pizza,New Hampshire,3,0,57.97161042,104,0,211.71
63,Canadian Snacks,Maine,8,0,63.91494071,124,1,199.46
64,Canadian Snacks,Ontario,9,3,74.96539239,112,0,200.54
65,Canadian Snacks,Vermont,6,8,68.97624104,121,0,231.65
66,craft beer,Maine,5,14,68.91144576,123,0,285.85
67,Games Of Chance,Maine,7,0,60.46256909,111,0,199.37
68,Homemade Holiday Gifts,Maine,6,4,43.08016623,132,0,227.7
69,Homemade Holiday Gifts,Maine,7,1,35.10356507,127,0,232.67
70,Steaming Hot Cocktails,Maine,4,0,50.26048748,100,0,174.28
71,Games Of Chance,Maine,7,7,44.82015176,110,0,173.77
72,Canadian Snacks,Connecticut,3,0,50.60196063,111,0,217.47
73,Games Of Chance,Maine,4,0,47.99688353,98,0,181.84
74,Canadian Snacks,Maine,7,17,54.18977853,119,0,173.25
75,Local Artists,Quebec,5,10,30.81588132,100,1,201.93
76,Games Of Chance,Maine,5,5,44.97519055,111,0,219.06
77,Games Of Chance,Maine,7,0,54.68100103,100,0,217.57
78,Fried Dough and Pizza,Maine,5,13,45.59594623,115,0,237.05
79,craft beer,Maine,5,7,40.14588587,114,0,194.04
80,Local Artists,Vermont,2,9,42.50374142,107,0,223.06
81,Canadian Snacks,Vermont,6,0,54.28439664,99,0,261.98
82,Hot Chocolate/Warm Treats,Maine,6,7,51.4181118,105,1,212.59
83,Games Of Chance,Maine,7,0,59.20201357,87,0,249.17
84,Homemade Holiday Gifts,Maine,4,0,46.19446945,123,0,224.81
85,Hot Chocolate/Warm Treats,Maine,4,10,30.09701991,111,0,236.38
86,Hot Chocolate/Warm Treats,Maine,4,5,47.92664668,109,0,184.84
87,Local Artists,Maine,7,0,26.74456693,103,0,242.73
88,Homemade Holiday Gifts,Maine,5,0,19.09768069,130,1,237.85
89,Video Game/eSports,Maine,4,10,62.62623369,111,0,202.7
90,Canadian Snacks,Maine,8,0,60.64133766,106,0,211.18
91,Games Of Chance,Maine,2,0,51.10598863,113,1,214.26
92,Homemade Holiday Gifts,Maine,2,8,37.95908602,107,0,204.61
93,Fried Dough and Pizza,Maine,3,9,38.96938944,107,0,244.54
94,Homemade Holiday Gifts,Maine,4,8,49.77930947,114,0,241.51
95,Games Of Chance,Maine,5,2,42.88665397,117,0,304.66
96,Local Artists,Quebec,9,0,57.2933118,121,0,194.17
97,Fortune Teller,Vermont,5,6,66.86784606,106,0,196.85
98,Games Of Chance,Maine,4,1,53.83755711,98,0,242.27
99,Games Of Chance,Connecticut,6,9,60.35047249,103,1,218.36
100,Local Artists,Maine,3,8,27.25641812,94,0,219.46
101,Homemade Holiday Gifts,New Hampshire,7,7,34.85086632,117,0,237.76
102,Steaming Hot Cocktails,Maine,3,2,63.30263871,103,0,209.22
103,Maine Tourism Promotion,Maine,10,3,53.19748598,109,0,181.03
104,Games Of Chance,Vermont,5,0,47.04855033,116,0,300.78
105,Homemade Holiday Gifts,Maine,1,7,52.44308546,94,0,210.47
106,Hot Chocolate/Warm Treats,Maine,5,8,31.98475416,102,0,222.08
107,Homemade Holiday Gifts,Maine,8,1,60.78830674,96,0,245.33
108,Fried Dough and Pizza,Maine,6,4,44.76309636,130,0,272.95
109,Canadian Snacks,New Hampshire,5,5,44.17554638,102,0,212.54
110,Hot Chocolate/Warm Treats,Connecticut,3,0,51.93930045,107,0,247.47
111,Canadian Snacks,Maine,6,15,35.66907605,102,0,228.63
112,Hot Chocolate/Warm Treats,Vermont,4,9,69.83828961,133,1,165.92
113,Steaming Hot Cocktails,Maine,3,14,68.91144576,123,0,285.85
114,Fried Dough and Pizza,Quebec,7,13,55.17314344,117,0,251.02
115,craft beer,Maine,10,10,54.87054865,110,0,196.88
116,Homemade Holiday Gifts,Maine,4,11,23.6091992,105,0,164.48
117,Local Artists,Connecticut,5,0,14.80142562,118,0,322.57
118,DIY Ice Sculpture,Maine,13,13,61.7112529,129,0,242.75
119,Hot Chocolate/Warm Treats,Vermont,7,6,63.68552177,101,1,176.58
120,Homemade Holiday Gifts,New Hampshire,6,0,57.7230029,114,1,241.97
121,Local Artists,New Hampshire,5,0,15.97926178,89,1,197.06
122,Hot Chocolate/Warm Treats,New Hampshire,6,9,33.583712,112,0,189.19
123,Games Of Chance,Maine,4,11,58.75972723,128,0,248.26
124,Canadian Snacks,Maine,5,0,66.34585123,123,0,236.69
125,Maine Tourism Promotion,Maine,8,0,52.57083157,116,0,211.65
126,Fried Dough and Pizza,Maine,3,0,48.36517996,113,1,273.9
127,Canadian Snacks,New Hampshire,7,4,61.52352215,143,1,223.25
128,Local Artists,Maine,8,9,21.05339499,111,0,180.34
129,Fried Dough and Pizza,Connecticut,7,0,64.65449625,115,0,291.67
130,Steaming Hot Cocktails,Massachusetts,3,0,45.25053765,113,0,225.76
131,Homemade Holiday Gifts,Vermont,7,5,32.19100572,94,0,191.67
132,Local Artists,Quebec,5,11,35.90478275,98,0,187.23
133,Homemade Holiday Gifts,Maine,5,13,51.58170117,120,1,145.6
134,Steaming Hot Cocktails,Vermont,1,17,43.32462556,94,0,173.53
135,Hot Chocolate/Warm Treats,Quebec,3,12,57.25458594,96,0,201.74
136,Steaming Hot Cocktails,Maine,3,0,56.55117828,103,0,200.79
137,Maine Tourism Promotion,Maine,3,1,57.29824029,102,0,182.36
138,Fried Dough and Pizza,New Hampshire,7,0,35.89564472,105,1,228.34
139,Games Of Chance,Maine,3,5,61.26300344,94,0,178.04
140,Games Of Chance,Maine,6,5,64.04049747,127,0,184.65
141,Homemade Holiday Gifts,Maine,7,7,18.2117365,112,0,200.45
142,Hot Chocolate/Warm Treats,Maine,6,13,42.26763736,110,0,207.18
143,Local Politician,Maine,4,0,42.08096547,123,0,241.68
144,DIY Ice Sculpture,Quebec,7,1,81.97550086,124,0,189.44
145,Local Artists,Massachusetts,7,5,38.99075451,110,1,245.19
146,Fried Dough and Pizza,Maine,4,1,57.19731649,107,0,193.3
147,Hot Chocolate/Warm Treats,Maine,5,0,53.254419,112,0,190.9
148,Fried Dough and Pizza,New Hampshire,2,0,74.17903207,110,0,230.39
149,Fried Dough and Pizza,Quebec,2,14,62.15089889,126,1,200.09
150,Specialty Ice Cream,Maine,6,8,49.41505563,125,0,246.65
151,Hot Chocolate/Warm Treats,Connecticut,6,6,52.92515212,111,0,201.39
152,Hot Chocolate/Warm Treats,Maine,6,6,58.95651058,127,0,157.07
153,Games Of Chance,Maine,8,3,49.40407182,113,0,259.87
154,Hot Chocolate/Warm Treats,Maine,7,6,50.38280752,105,0,242.47
155,Games Of Chance,Maine,6,12,39.62982984,118,0,263.85
156,Games Of Chance,Maine,6,6,34.83618513,126,0,203.15
157,Hot Chocolate/Warm Treats,New Hampshire,5,5,52.5466411,115,0,206.94
158,Games Of Chance,Maine,6,3,64.78038041,130,0,221.69
159,Games Of Chance,Maine,8,4,43.48071325,103,0,203.59
160,Canadian Snacks,Maine,3,10,50.63640131,94,0,194.78
161,Fortune Teller,Maine,4,8,50.98773999,94,1,201.7
162,Maine Tourism Promotion,Maine,3,6,46.62226812,104,0,134.64
163,Hot Chocolate/Warm Treats,Maine,5,0,44.94339892,114,0,180.78
164,Homemade Holiday Gifts,Ontario,8,9,10.0298368,135,0,258.66
165,Fried Dough and Pizza,Quebec,3,13,50.58214886,99,0,186.29
166,Homemade Holiday Gifts,Maine,6,9,44.6615483,99,0,168.62
167,Canadian Snacks,Maine,9,0,43.79072274,119,0,275.19
168,Local Artists,Maine,6,12,39.92508488,116,1,252.14
169,Games Of Chance,Maine,6,0,33.21061924,110,0,207.28
170,Canadian Snacks,Vermont,5,13,64.31763297,119,0,257.87
171,Specialty Ice Cream,Maine,6,7,43.16165589,130,1,206.8
172,Canadian Snacks,Maine,6,1,43.54340408,106,0,197.71
173,Games Of Chance,Maine,6,1,64.31038938,108,0,199.69
174,Homemade Holiday Gifts,Vermont,5,1,28.28253793,109,1,226.39
175,Steaming Hot Cocktails,New Hampshire,1,0,43.49287738,105,0,166.24
176,Homemade Holiday Gifts,Maine,4,0,39.05118107,111,0,229.24
177,Canadian Snacks,Maine,5,4,41.87804172,116,0,196.93
178,Games Of Chance,Maine,7,4,63.57470878,114,0,219.59
179,craft beer,Quebec,5,12,41.05386495,107,0,146.69
180,DIY Ice Sculpture,Vermont,11,0,58.62940039,101,0,202.64
181,Homemade Holiday Gifts,Connecticut,2,1,21.2366888,117,0,243.02
182,Video Game/eSports,Maine,4,5,55.83017218,123,1,235.16
183,Hot Chocolate/Warm Treats,Maine,9,0,49.43295228,128,0,248.96
184,Local Artists,Quebec,6,13,31.75858257,120,0,302.64
185,Games Of Chance,Maine,4,2,55.19461377,120,1,242.6
186,Local Artists,Maine,4,1,33.95621619,105,0,184.87
187,Games Of Chance,Maine,7,0,57.97804801,95,0,216.45
188,Games Of Chance,New Hampshire,4,0,50.28238168,96,1,158.24
189,Homemade Holiday Gifts,Vermont,6,17,58.43987104,108,0,156.56
190,Fried Dough and Pizza,Maine,4,0,46.5111379,105,0,175.94
191,Specialty Ice Cream,Maine,7,5,59.58567152,105,0,164.72
192,DIY Ice Sculpture,Maine,5,0,52.58634828,114,0,249.05
193,Steaming Hot Cocktails,Maine,4,11,58.45567903,94,0,171.35
194,Hot Chocolate/Warm Treats,Ontario,2,3,38.87481461,105,0,191.48
195,Fried Dough and Pizza,Maine,5,6,42.01888695,137,1,199.76
196,Games Of Chance,Maine,4,8,33.85194658,97,0,236.11
197,Fried Dough and Pizza,Quebec,1,7,68.58100932,129,1,234.19
198,Local Artists,New Hampshire,4,11,34.21661382,120,0,240.34
199,Video Game/eSports,Massachusetts,5,17,51.40553381,113,1,266.74
200,Homemade Holiday Gifts,Connecticut,8,10,41.75505433,103,1,178.29
201,Hot Chocolate/Warm Treats,Maine,7,0,35.28612124,100,0,199.01
202,Steaming Hot Cocktails,Quebec,1,8,38.645574,112,1,257.45
203,craft beer,Maine,6,9,72.59520276,97,0,240.63
204,Homemade Holiday Gifts,Maine,7,0,15.89133436,120,0,203.16
205,DIY Ice Sculpture,Maine,8,11,35.78709299,123,1,239.11
206,Video Game/eSports,Maine,2,0,67.68472966,110,0,273.78
207,Fried Dough and Pizza,New Hampshire,5,20,65.10220218,105,0,184.56
208,Local Artists,Maine,4,8,21.91508344,129,0,277.8
209,Local Artists,New Hampshire,4,0,39.21223365,111,0,204.05
210,Homemade Holiday Gifts,Vermont,3,6,53.68162249,126,0,274.18
211,Steaming Hot Cocktails,New Hampshire,5,5,57.36616586,136,0,252.91
212,Local Artists,Maine,7,3,18.31536835,111,0,210.87
213,Hot Chocolate/Warm Treats,Maine,4,3,57.3280709,110,0,181.39
214,Homemade Holiday Gifts,Maine,6,5,30.35975179,122,0,205.53
215,Canadian Snacks,Connecticut,4,17,48.38813335,114,0,193.21
216,craft beer,Maine,4,4,59.01280326,126,0,273.59
217,Homemade Holiday Gifts,Maine,8,0,27.71108701,105,0,218.02
218,Hot Chocolate/Warm Treats,Maine,5,10,42.25934241,100,0,174.62
219,Local Artists,Maine,4,6,49.83833661,119,0,199.84
220,Local Artists,Maine,4,2,46.10190615,99,0,205.12
221,Hot Chocolate/Warm Treats,Maine,2,7,63.00657323,119,1,265.37
222,Homemade Holiday Gifts,Maine,3,4,33.53358187,93,0,198.23
223,Local Artists,Maine,6,0,36.1554732,106,0,184.52
224,Games Of Chance,Maine,3,10,55.68802707,121,0,194.31
225,Local Artists,New Hampshire,4,6,30.43852399,124,0,249.55
226,Fried Dough and Pizza,Maine,5,2,47.29141991,118,0,270.56
227,Homemade Holiday Gifts,Maine,7,4,13.10211206,127,0,206.17
228,Fried Dough and Pizza,Maine,4,0,43.12256453,128,0,240.78
229,Fried Dough and Pizza,Maine,9,2,57.33669104,97,0,236.41
230,Fried Dough and Pizza,Maine,1,9,48.59538349,112,0,225.51
231,Homemade Holiday Gifts,Maine,7,0,22.6232536,120,0,202
232,Local Artists,Ontario,8,5,28.82606355,109,0,235.05
233,Hot Chocolate/Warm Treats,New Hampshire,2,14,70.28951284,124,0,219.26
235,Canadian Snacks,New Hampshire,3,14,41.98292053,130,0,222.92
237,Homemade Holiday Gifts,Maine,7,6,41.00386635,96,1,218.91
238,Local Artists,Maine,6,3,36.82996872,117,1,244.94
239,Hot Chocolate/Warm Treats,Maine,4,6,40.86007518,121,1,230.39
240,Canadian Snacks,Maine,7,20,52.62346921,126,0,209.06
241,Fried Dough and Pizza,Maine,5,5,63.60117777,123,1,219.49
242,Local Artists,Maine,7,3,37.0758219,119,0,207.18
243,Homemade Holiday Gifts,Maine,3,0,24.06342903,118,0,233.32
244,Specialty Ice Cream,Connecticut,6,0,56.91527694,127,0,296.11
245,Hot Chocolate/Warm Treats,Maine,5,5,50.66572379,117,0,226.08
246,Hot Chocolate/Warm Treats,New Hampshire,1,3,60.40835804,134,0,232.87
247,Local Artists,Maine,4,5,42.1976382,113,0,228.62
248,Video Game/eSports,Vermont,5,2,53.30455531,102,0,188.48
249,Canadian Snacks,Maine,3,5,69.63902775,103,0,172.66
250,Canadian Snacks,Maine,4,16,31.01850006,117,1,279.5
251,craft beer,New Hampshire,5,1,41.52841574,118,0,285.07
252,Fried Dough and Pizza,Maine,5,0,41.76694788,103,0,260.58
253,Steaming Hot Cocktails,Maine,3,0,80.77832648,110,0,182.41
254,Games Of Chance,Connecticut,3,0,43.81878635,118,1,290.93
255,Hot Chocolate/Warm Treats,Maine,5,0,53.30530328,110,0,237.42
256,Maine Tourism Promotion,Maine,5,13,44.10517346,107,0,185.04
257,Local Artists,Maine,6,5,71.65355942,130,0,239.63
258,Fried Dough and Pizza,New Hampshire,5,0,49.28124669,109,0,194.42
259,Games Of Chance,Maine,4,2,54.20129454,110,1,188.19
260,Homemade Holiday Gifts,Quebec,4,12,22.97489958,106,1,174.79
261,Local Artists,Quebec,3,1,44.20513892,113,0,220.03
262,Homemade Holiday Gifts,Ontario,7,16,38.5167689,129,0,205.36
263,Local Artists,Maine,6,0,36.81917736,130,0,184.31
264,Homemade Holiday Gifts,Maine,5,8,27.7540992,105,0,200.81
265,Specialty Ice Cream,Maine,7,0,43.51852317,109,0,233.02
266,Canadian Snacks,Maine,3,4,60.02836386,86,0,124.75
267,Games Of Chance,Connecticut,4,6,47.73148522,114,1,144.69
268,Video Game/eSports,Maine,5,3,58.76462149,126,0,221.49
269,Games Of Chance,Maine,6,0,52.41856573,99,0,203.36
270,Fried Dough and Pizza,Maine,1,13,51.97438941,106,0,197.99
271,Games Of Chance,Quebec,7,0,65.30226298,107,0,208.9
272,Canadian Snacks,Ontario,6,13,62.45283402,90,0,182.55
273,Fried Dough and Pizza,Maine,2,5,51.49154958,103,0,194.25
274,Games Of Chance,Maine,1,0,50.16734466,113,0,237.27
275,Fried Dough and Pizza,New Hampshire,7,2,43.41094611,103,0,191.66
276,Fried Dough and Pizza,Maine,6,0,39.71521375,98,0,189.28
277,DIY Ice Sculpture,New Hampshire,9,0,60.13280921,95,1,211.31
278,Homemade Holiday Gifts,New Hampshire,4,0,51.33783443,110,0,204.55
279,Canadian Snacks,New Hampshire,8,0,60.30284512,126,0,267.52
280,Hot Chocolate/Warm Treats,New Hampshire,6,7,61.72851954,100,1,220.37
281,Specialty Ice Cream,Quebec,5,0,45.43264844,105,0,149.75
282,DIY Ice Sculpture,New Hampshire,8,3,28.30675435,124,1,250.2
283,Hot Chocolate/Warm Treats,Maine,4,0,70.59186899,115,0,281.73
285,Specialty Ice Cream,Maine,5,4,36.63713312,115,1,305.13
286,Homemade Holiday Gifts,Maine,9,1,21.58470769,116,1,208.92
287,Hot Chocolate/Warm Treats,Maine,5,7,41.27718034,98,0,172.79
288,Homemade Holiday Gifts,Vermont,7,0,53.09986394,118,0,217.42
289,Hot Chocolate/Warm Treats,Maine,5,0,52.71703795,128,0,257.61
290,Games Of Chance,Maine,3,3,48.03040246,110,0,215.67
291,Specialty Ice Cream,Connecticut,8,7,41.96240997,121,0,260.31
292,Fried Dough and Pizza,Maine,4,4,35.55920787,112,1,181.68
293,Games Of Chance,Maine,3,8,55.0998334,109,0,233.66
294,Steaming Hot Cocktails,Vermont,5,0,63.76822224,103,0,251.59
295,Steaming Hot Cocktails,New Hampshire,7,5,46.23834619,104,1,175.83
296,Games Of Chance,Maine,4,1,61.12164566,103,0,230.85
297,Hot Chocolate/Warm Treats,Maine,7,0,52.16260258,108,0,175.46
298,Hot Chocolate/Warm Treats,New Hampshire,6,8,48.32614408,123,0,179.09
299,Homemade Holiday Gifts,Maine,4,5,57.07263645,103,0,206.91
300,Canadian Snacks,Quebec,4,9,53.23571431,143,0,263.36
301,Hot Chocolate/Warm Treats,Connecticut,4,0,41.4091795,96,0,246.18
302,Canadian Snacks,Connecticut,7,0,35.04752414,109,0,242.81
303,Homemade Holiday Gifts,Maine,3,0,38.75372395,94,1,220.93
304,Fried Dough and Pizza,New Hampshire,8,14,33.82325191,118,0,203.67
305,Hot Chocolate/Warm Treats,Maine,5,10,64.92306975,114,0,231.72
306,Canadian Snacks,Vermont,2,0,41.3319214,125,0,234.48
307,Hot Chocolate/Warm Treats,Maine,2,3,60.31686078,119,0,273.67
308,Hot Chocolate/Warm Treats,Connecticut,4,0,57.31460203,126,1,208.81
309,Games Of Chance,Quebec,2,2,60.01931868,109,0,211.28
310,Local Artists,Massachusetts,4,0,57.73699246,113,0,262.82
311,Homemade Holiday Gifts,Maine,2,4,32.02327321,103,0,203.91
312,Fried Dough and Pizza,Maine,9,0,39.66799177,107,0,228.47
313,Canadian Snacks,Massachusetts,5,0,44.70450085,121,0,255.97
314,Hot Chocolate/Warm Treats,Maine,2,1,28.33839465,109,1,189.31
315,Homemade Holiday Gifts,Connecticut,2,15,34.41293398,129,0,191.93
316,Video Game/eSports,Maine,2,6,58.85035453,130,0,267.6
317,Hot Chocolate/Warm Treats,Ontario,3,0,73.47395664,125,0,235.16
318,Fried Dough and Pizza,Maine,6,2,69.79823414,83,0,144.95
319,Homemade Holiday Gifts,Maine,5,3,33.22474486,118,1,227.77
320,Canadian Snacks,Maine,8,0,42.35530135,114,0,281.79
321,Local Artists,Maine,5,8,13.12102359,111,1,203.31
322,Canadian Snacks,Maine,7,4,69.99360522,109,0,205.73
323,Games Of Chance,New Hampshire,1,14,43.72458161,128,0,251.75
325,Fortune Teller,Maine,6,9,45.28942787,144,0,194.91
326,Hot Chocolate/Warm Treats,Maine,1,0,67.70033317,117,0,198.11
327,Steaming Hot Cocktails,Vermont,3,2,53.1465728,121,0,266.74
328,Canadian Snacks,Quebec,6,2,47.67928351,102,1,219.74
329,Local Artists,Maine,1,3,53.61148422,120,0,233.84
330,Specialty Ice Cream,Maine,7,9,40.81041989,110,0,176.21
331,Local Artists,Maine,8,10,48.03106641,117,1,200.4
332,Steaming Hot Cocktails,Quebec,4,0,38.41752115,97,0,174.7
333,Video Game/eSports,Vermont,3,0,53.64542531,123,0,207.09
334,Hot Chocolate/Warm Treats,Maine,5,7,43.42057265,107,0,174.16
335,Steaming Hot Cocktails,Vermont,5,6,41.80469813,99,0,289.03
336,Fried Dough and Pizza,Maine,4,0,41.73514777,124,0,214.86
337,Maine Tourism Promotion,Maine,6,0,51.14136227,100,0,215.36
338,Canadian Snacks,Maine,6,7,43.55540107,88,0,210.69
339,Homemade Holiday Gifts,Maine,6,3,34.76952848,110,1,257.49
340,Steaming Hot Cocktails,Massachusetts,7,13,36.67187017,122,0,243.86
341,Canadian Snacks,Vermont,6,11,47.75306623,117,0,224.18
342,Homemade Holiday Gifts,Maine,7,6,55.65292395,124,1,258.23
343,Games Of Chance,Massachusetts,2,13,43.91873328,107,0,185.47
344,Hot Chocolate/Warm Treats,Maine,10,5,47.0896263,130,1,213.22
345,Homemade Holiday Gifts,Maine,8,14,37.12486492,118,0,182.8
346,Hot Chocolate/Warm Treats,Maine,4,6,59.24178315,106,0,199.58
347,DIY Ice Sculpture,Maine,6,7,39.93470647,127,1,263.95
348,Games Of Chance,Ontario,3,16,50.85448095,113,0,214.84
349,Hot Chocolate/Warm Treats,Quebec,4,0,36.97324316,113,0,201.74
350,Canadian Snacks,Maine,6,0,40.03896567,115,0,203.92
351,Steaming Hot Cocktails,Quebec,3,2,70.75567787,105,1,251.99
352,Steaming Hot Cocktails,Maine,4,4,29.84201437,90,1,240.8
353,Canadian Snacks,Maine,7,1,51.98325538,91,0,220
354,Homemade Holiday Gifts,Maine,9,7,57.32607342,117,0,224.46
355,Steaming Hot Cocktails,Maine,4,9,53.30491058,109,0,195.85
356,Homemade Holiday Gifts,Maine,3,9,16.6612335,102,0,252.13
357,Steaming Hot Cocktails,New Hampshire,4,9,72.59520276,97,0,240.63
358,Specialty Ice Cream,Maine,5,7,71.1110848,107,0,239.66
359,Hot Chocolate/Warm Treats,Maine,7,11,47.98354753,110,0,206.27
360,DIY Ice Sculpture,Maine,9,7,46.30422203,124,0,228.61
361,Local Artists,Vermont,6,12,58.18986065,108,0,193.83
362,Local Artists,New Hampshire,5,5,38.57694591,123,0,173.5
363,Hot Chocolate/Warm Treats,Maine,8,9,65.11888354,102,0,203.94
364,Fried Dough and Pizza,Quebec,6,2,63.63439463,104,0,219.47
365,Homemade Holiday Gifts,Maine,6,2,57.33602321,117,0,248.47
366,Homemade Holiday Gifts,Maine,5,0,40.28923421,105,0,159.38
367,Steaming Hot Cocktails,Ontario,0,0,24.49433129,124,0,208.63
368,craft beer,Maine,5,0,40.13582138,127,1,207.54
369,Local Artists,Quebec,3,7,34.78037441,126,0,263.45
370,Games Of Chance,Quebec,3,5,50.38597402,122,0,198.64
371,Canadian Snacks,Maine,3,17,35.78752027,118,0,218.38
372,Homemade Holiday Gifts,Massachusetts,6,1,28.10996754,140,1,241.7
373,DIY Ice Sculpture,Quebec,10,0,62.91905484,113,0,235.81
374,Steaming Hot Cocktails,New Hampshire,3,0,32.66689919,116,0,252.22
375,Fried Dough and Pizza,Vermont,2,15,87.88784579,122,0,248.42
376,Specialty Ice Cream,Quebec,8,2,47.1118909,119,0,216.83
377,Homemade Holiday Gifts,Vermont,4,0,37.05046425,123,0,265.82
378,Local Artists,Maine,4,1,28.49404692,104,0,190.63
379,Canadian Snacks,Vermont,5,0,52.94497614,99,0,213.91
380,Specialty Ice Cream,Maine,1,5,47.18384348,106,1,180.7
381,Canadian Snacks,Maine,7,4,57.93911715,89,1,169.62
382,Homemade Holiday Gifts,Maine,4,8,50.28969097,86,0,182.23
383,Fried Dough and Pizza,Vermont,3,11,22.9298618,99,0,225.41
384,Games Of Chance,Maine,3,12,43.56257085,116,1,191.73
385,Canadian Snacks,Maine,4,0,43.4642234,123,1,234.47
386,Local Artists,Maine,6,5,51.79714753,113,0,262.3
387,Maine Tourism Promotion,Maine,1,0,59.34847696,108,0,275.94
388,Homemade Holiday Gifts,Massachusetts,8,6,3.069902771,95,0,226
389,Hot Chocolate/Warm Treats,Maine,4,10,54.49456209,114,0,263.3
390,Specialty Ice Cream,Connecticut,4,9,45.13906605,130,0,249.43
391,Local Artists,Maine,5,2,42.61184639,109,0,218.24
392,Fried Dough and Pizza,Maine,7,10,47.4939049,103,0,199.13
393,Specialty Ice Cream,Connecticut,5,6,41.89271432,106,0,208.92
394,Fried Dough and Pizza,Maine,4,0,30.20267657,123,0,214.73
395,Fried Dough and Pizza,Maine,3,0,42.40952141,105,0,229.45
396,Video Game/eSports,Maine,3,9,90.64982725,111,0,249.86
397,Maine Tourism Promotion,Maine,1,5,51.95181915,113,0,234.08
398,Fried Dough and Pizza,New Hampshire,3,0,38.57179862,124,1,209.92
399,Canadian Snacks,New Hampshire,6,0,39.49530194,103,0,207.32
400,Canadian Snacks,Vermont,5,9,46.45880013,96,0,179.53
401,Fried Dough and Pizza,Maine,4,0,55.11181889,114,0,199.56
402,Fried Dough and Pizza,Quebec,5,2,40.04169135,110,0,254.3
403,Games Of Chance,Connecticut,5,0,50.53871123,120,1,254.83
404,Hot Chocolate/Warm Treats,Massachusetts,4,12,54.51519297,134,1,289.43
405,Fried Dough and Pizza,Quebec,5,0,52.28935778,99,0,205.82
406,Local Artists,Maine,4,4,42.66285398,110,0,216.67
407,Games Of Chance,Maine,5,4,50.62168001,105,0,191.03
408,Steaming Hot Cocktails,New Hampshire,6,0,42.19272731,115,0,187.96
409,Homemade Holiday Gifts,Maine,4,3,37.06268846,95,0,231.65
410,DIY Ice Sculpture,New Hampshire,6,4,53.87081155,102,0,241.46
411,Games Of Chance,Maine,5,6,39.71196101,123,0,269.45
412,Canadian Snacks,Quebec,9,8,53.69982324,104,0,216.32
413,DIY Ice Sculpture,Maine,12,8,50.54962931,107,0,204.2
414,Steaming Hot Cocktails,Maine,6,11,60.41982123,106,0,218.05
415,Games Of Chance,Maine,4,0,42.18751028,118,0,173.91
416,DIY Ice Sculpture,Maine,13,1,49.89334994,124,0,211.14
417,Local Artists,Quebec,7,0,14.97977444,124,0,202.38
418,Homemade Holiday Gifts,Maine,5,12,45.80712272,113,1,286.68
419,craft beer,Maine,4,9,53.0531853,83,0,270.38
420,Homemade Holiday Gifts,New Hampshire,4,3,51.08617862,115,1,208.43
421,Specialty Ice Cream,Maine,8,0,61.34368779,103,0,140.41
422,Fried Dough and Pizza,Vermont,8,0,66.79722626,111,0,206.88
423,Specialty Ice Cream,Maine,6,17,62.79450722,112,0,281.72
424,Specialty Ice Cream,Quebec,5,2,45.36896205,87,1,193.75
425,Steaming Hot Cocktails,Vermont,3,12,41.05386495,107,0,146.69
426,Hot Chocolate/Warm Treats,Quebec,11,17,34.98696582,109,0,175.02
427,Hot Chocolate/Warm Treats,Vermont,5,0,60.17763839,121,0,205.43
428,Hot Chocolate/Warm Treats,Connecticut,7,12,31.61906736,106,0,180.54
429,Games Of Chance,Maine,3,18,45.30459885,116,0,268.74
430,Local Artists,New Hampshire,5,4,32.97202505,102,0,187.54
431,Canadian Snacks,New Hampshire,9,6,63.64296336,109,1,274.56
432,Games Of Chance,Maine,5,0,60.95410094,85,1,229.32
433,Homemade Holiday Gifts,Maine,6,1,27.12392065,104,0,153.39
434,Fortune Teller,Connecticut,4,14,39.26332764,124,0,263.86
435,Games Of Chance,Maine,5,5,63.36836568,112,0,258.53
436,Fried Dough and Pizza,Maine,4,0,33.72719998,87,0,184.02
437,Steaming Hot Cocktails,Maine,3,0,56.11358833,108,1,216.73
438,Hot Chocolate/Warm Treats,New Hampshire,2,10,47.80204898,138,0,228.57
439,Video Game/eSports,Maine,3,0,72.83973984,124,0,233.81
440,Local Artists,Maine,5,18,47.09697935,122,0,236.45
441,Games Of Chance,Vermont,3,4,30.1671461,121,0,215.02
442,Homemade Holiday Gifts,Maine,8,1,39.04834116,110,0,244.38
443,Games Of Chance,Maine,5,1,32.67807452,118,0,236.23
444,Hot Chocolate/Warm Treats,Maine,10,5,57.53345523,101,1,237.37
445,Local Artists,Quebec,6,13,53.78517795,105,0,168.56
446,Hot Chocolate/Warm Treats,Maine,5,4,50.92540097,103,0,147.03
447,Hot Chocolate/Warm Treats,Maine,2,0,68.00221368,134,1,249.61
448,Homemade Holiday Gifts,Massachusetts,6,11,41.11944233,106,1,213.24
449,Fried Dough and Pizza,Connecticut,7,4,65.53097394,120,1,165.72
450,Hot Chocolate/Warm Treats,Maine,5,7,58.10415913,109,0,157.38
451,Local Artists,Maine,2,8,38.88366527,112,0,259.68
452,Hot Chocolate/Warm Treats,Maine,4,3,30.99934469,125,0,188.96
453,Local Artists,Quebec,4,3,42.4129121,103,1,194.12
454,Canadian Snacks,Maine,5,0,35.38789371,115,0,217.48
455,Specialty Ice Cream,Maine,5,0,39.87445928,108,0,262.35
456,Specialty Ice Cream,New Hampshire,6,0,43.13958025,114,0,285.3
457,Hot Chocolate/Warm Treats,New Hampshire,7,2,74.9181365,93,0,251.67
458,Canadian Snacks,Connecticut,5,5,65.24800248,107,0,228.67
459,Fried Dough and Pizza,Maine,4,0,49.90091996,105,0,236.19
460,Homemade Holiday Gifts,Ontario,4,2,48.56877562,96,1,226.81
461,Hot Chocolate/Warm Treats,Massachusetts,4,12,58.13806315,105,0,240.6
462,Hot Chocolate/Warm Treats,Vermont,8,1,67.07570323,104,0,233.12
463,Canadian Snacks,Maine,7,0,67.48966388,107,1,218.2
464,Specialty Ice Cream,Maine,6,4,57.39251116,95,0,185.22
465,Canadian Snacks,Maine,6,5,48.1672363,108,1,230.71
466,Games Of Chance,Massachusetts,5,0,38.66743827,114,0,244.94
467,Local Politician,Maine,5,0,43.99411343,130,0,193.71
468,Steaming Hot Cocktails,Maine,4,6,33.55854102,118,0,254.32
469,Homemade Holiday Gifts,Vermont,5,0,43.01997096,93,0,155.93
470,Specialty Ice Cream,Maine,3,0,57.55277256,109,0,251.82
471,Canadian Snacks,Maine,2,3,49.80589706,107,1,206.34
472,Hot Chocolate/Warm Treats,New Hampshire,3,3,51.99189759,113,0,208.3
473,Steaming Hot Cocktails,Vermont,4,9,53.70852148,116,0,208.11
474,Hot Chocolate/Warm Treats,Maine,5,0,54.49627887,86,0,216.99
475,Hot Chocolate/Warm Treats,Maine,4,9,55.80868354,100,0,249.41
476,Local Artists,Massachusetts,4,0,40.26335655,101,0,234.46
477,Canadian Snacks,Maine,6,6,25.15992699,112,0,257.21
478,Video Game/eSports,Maine,5,2,37.55358365,102,0,143.78
479,Local Artists,Maine,3,11,33.59454332,91,0,226.75
480,Maine Tourism Promotion,Maine,8,4,56.88162213,121,0,298.84
481,Homemade Holiday Gifts,Maine,4,19,24.45414806,94,0,196.47
482,Hot Chocolate/Warm Treats,Connecticut,5,10,62.75840742,113,0,236.06
483,Specialty Ice Cream,Maine,9,1,42.88717642,107,0,137.75
484,Video Game/eSports,Maine,5,0,62.21918026,101,0,248
485,Homemade Holiday Gifts,Massachusetts,3,1,49.38670774,127,0,228.05
486,Local Artists,Quebec,7,0,48.60509776,108,0,214.69
487,Fried Dough and Pizza,Maine,5,0,31.83752981,102,0,236.71
488,Canadian Snacks,Maine,7,13,60.89336453,135,1,278
489,Homemade Holiday Gifts,Vermont,1,8,45.02659419,110,1,200.01
490,DIY Ice Sculpture,New Hampshire,12,0,57.59321628,112,0,146.03
491,Video Game/eSports,Connecticut,3,0,64.81466056,128,0,235.84
492,Local Artists,Maine,9,0,44.39211546,109,0,277.62
493,Canadian Snacks,Maine,7,9,68.9436269,125,0,280.09
494,Fortune Teller,Massachusetts,6,15,53.35110332,118,0,196.1
495,Canadian Snacks,Maine,8,3,43.73234874,109,0,210.87
496,Steaming Hot Cocktails,Maine,2,0,47.77361632,127,0,249.4
497,Steaming Hot Cocktails,Maine,3,11,25.56178275,99,0,200.36
498,Canadian Snacks,Vermont,7,7,26.99090039,95,0,185.52
499,Fried Dough and Pizza,Maine,8,2,53.01614953,109,0,230.86
500,Local Artists,Maine,5,5,19.79818797,110,0,179.09
501,Canadian Snacks,Maine,6,0,40.47537718,114,0,244.03
502,Hot Chocolate/Warm Treats,Maine,4,5,32.05874048,122,0,251.64
503,Specialty Ice Cream,Massachusetts,3,0,53.62551316,107,0,217.75
504,Local Artists,Maine,6,3,32.67718881,120,0,258.89
505,Specialty Ice Cream,Connecticut,3,12,56.01831658,112,0,206.62
506,Homemade Holiday Gifts,Maine,7,14,45.68063563,96,1,226.26
507,Steaming Hot Cocktails,Maine,9,7,42.0767586,130,0,232.42
508,Specialty Ice Cream,Maine,4,5,66.83420898,93,0,173.9
509,Hot Chocolate/Warm Treats,Maine,5,15,47.26865283,119,0,271.69
510,Local Artists,Maine,7,0,29.75922903,94,0,200.3
511,Homemade Holiday Gifts,Maine,6,7,44.21078403,95,0,201.35
512,Hot Chocolate/Warm Treats,Ontario,4,0,53.27142253,120,0,237.29
513,Hot Chocolate/Warm Treats,Vermont,5,7,52.26671336,117,1,232.61
514,Local Artists,Maine,6,14,19.37743663,124,0,243.65
515,Games Of Chance,Maine,4,8,46.1514514,117,0,203.9
516,Homemade Holiday Gifts,Maine,4,3,36.09276745,118,0,203.97
517,Homemade Holiday Gifts,Maine,8,0,43.21124868,119,1,284.94
518,Canadian Snacks,Maine,3,3,41.38441544,113,0,267.55
519,Fried Dough and Pizza,Vermont,5,3,40.18139332,98,0,221.76
520,Fried Dough and Pizza,Maine,6,4,47.75664095,120,0,198.94
521,Hot Chocolate/Warm Treats,Ontario,3,11,45.68477445,82,0,215.02
522,Homemade Holiday Gifts,Maine,6,3,48.85155923,84,1,202.95
523,Canadian Snacks,Connecticut,6,0,45.00039058,104,0,148.6
524,Games Of Chance,New Hampshire,5,1,43.77401544,114,0,270
525,Homemade Holiday Gifts,Maine,8,15,49.68662783,122,0,237.92
526,Hot Chocolate/Warm Treats,Maine,5,11,61.31074095,120,0,254.5
527,Homemade Holiday Gifts,Quebec,3,6,32.11189944,105,0,243.16
528,Games Of Chance,Connecticut,2,0,43.32594292,120,0,244.84
529,Homemade Holiday Gifts,Vermont,2,0,19.0409773,96,0,144.18
530,Steaming Hot Cocktails,Maine,3,9,51.2551405,119,0,233.85
531,Maine Tourism Promotion,Maine,6,1,37.35039486,95,0,215.51
532,Hot Chocolate/Warm Treats,Maine,4,4,50.88837854,107,0,191.95
533,Local Politician,Maine,5,7,60.1388794,93,0,210.18
534,Canadian Snacks,Maine,3,4,68.51150295,100,1,258.42
535,Games Of Chance,Maine,9,9,46.8071442,109,1,238.99
536,Games Of Chance,Maine,4,0,25.83719466,113,0,237.11
537,Local Artists,Vermont,6,3,41.71001594,103,1,202.54
538,Games Of Chance,Ontario,4,14,62.19672169,137,0,191.31
539,Fried Dough and Pizza,Maine,6,3,59.11281964,126,0,263.38
540,Homemade Holiday Gifts,Maine,7,6,10.7900772,100,0,187.66
541,Local Artists,Maine,6,6,72.46882784,122,0,224.93
542,Hot Chocolate/Warm Treats,Quebec,4,6,62.48929741,111,0,184.72
543,Fried Dough and Pizza,Maine,1,12,59.62742276,101,1,170.54
544,Steaming Hot Cocktails,Maine,2,1,49.90658499,94,0,178.38
545,Homemade Holiday Gifts,Connecticut,6,17,50.25675527,104,0,173.21
546,craft beer,New Hampshire,9,5,46.23834619,104,1,175.83
547,Fried Dough and Pizza,Ontario,6,0,53.83783197,112,0,239.38
548,Homemade Holiday Gifts,Massachusetts,6,12,28.6876955,103,0,222.28
549,Hot Chocolate/Warm Treats,Quebec,6,2,47.26633028,127,0,245.09
550,Homemade Holiday Gifts,Maine,1,4,26.70858938,102,0,212.47
551,Local Artists,Maine,2,9,47.18733915,110,0,182.6
552,Hot Chocolate/Warm Treats,Maine,6,11,66.8716346,109,0,226.69
553,Homemade Holiday Gifts,Maine,6,9,61.21083735,106,0,167.99
554,Fortune Teller,Quebec,4,3,44.96110001,121,0,175.46
555,Hot Chocolate/Warm Treats,Maine,3,0,61.37096543,126,0,207.53
556,Games Of Chance,Quebec,7,11,68.14921176,111,0,184.86
557,Canadian Snacks,Quebec,8,6,28.00072833,122,1,219.02
558,Local Politician,Connecticut,2,0,58.31046982,98,1,144.15
559,Hot Chocolate/Warm Treats,Maine,2,6,44.30603996,106,0,231.54
560,Hot Chocolate/Warm Treats,New Hampshire,4,2,47.81984882,110,1,200.4
561,Canadian Snacks,Maine,3,0,44.48307483,126,0,220.84
562,Homemade Holiday Gifts,Maine,4,12,58.44825459,101,0,196.4
563,Homemade Holiday Gifts,Vermont,4,0,58.72772937,116,0,217.25
564,craft beer,Maine,2,3,66.99789014,95,0,191.69
565,Games Of Chance,Connecticut,7,0,44.4818544,119,0,186.31
566,Homemade Holiday Gifts,Maine,4,0,37.59126185,111,0,245.1
567,craft beer,Vermont,4,9,53.5613288,131,0,191.97
568,Hot Chocolate/Warm Treats,Maine,6,9,48.12044544,107,0,236.32
569,Hot Chocolate/Warm Treats,Connecticut,7,16,41.29362257,113,0,260.51
570,Steaming Hot Cocktails,Maine,0,0,73.99036975,129,1,296.16
571,Maine Tourism Promotion,Maine,3,11,43.4609805,106,0,215.29
572,Steaming Hot Cocktails,Vermont,2,6,64.1336176,115,1,250.78
573,Local Politician,Maine,6,10,35.58926963,112,0,244.18
574,Local Artists,Massachusetts,1,0,15.12311032,129,0,229.11
575,Hot Chocolate/Warm Treats,Quebec,2,1,56.06351587,118,0,267.74
576,Hot Chocolate/Warm Treats,Maine,5,6,62.21304031,103,0,176.83
577,Hot Chocolate/Warm Treats,Maine,2,0,56.65610631,102,0,193.11
578,Specialty Ice Cream,Maine,8,7,61.66908026,100,0,185.43
579,Specialty Ice Cream,Maine,2,7,56.81697501,110,1,169.88
580,Fried Dough and Pizza,Vermont,6,7,54.61542385,119,0,203.95
581,Fried Dough and Pizza,Maine,8,0,35.40154701,112,0,272.54
582,DIY Ice Sculpture,New Hampshire,11,10,57.04368814,107,1,248.48
583,Local Artists,Maine,7,2,38.97642346,123,0,277.04
584,Homemade Holiday Gifts,Ontario,6,5,35.29787136,132,0,260.46
585,Video Game/eSports,Maine,5,6,67.24228061,96,0,215.13
586,Local Artists,Massachusetts,8,0,61.42182343,116,0,237.46
587,Hot Chocolate/Warm Treats,Vermont,6,10,52.41209411,98,0,182.62
588,Hot Chocolate/Warm Treats,Maine,6,0,58.63399954,100,0,158.62
589,Hot Chocolate/Warm Treats,New Hampshire,5,9,50.36203141,108,0,163.54
590,Local Artists,Maine,2,17,17.48527108,115,0,268.38
591,Fried Dough and Pizza,New Hampshire,6,14,42.56876263,113,0,224.36
592,Games Of Chance,New Hampshire,8,8,40.76152732,120,1,206.22
593,Local Politician,Maine,5,20,44.63961094,123,0,294.42
594,Hot Chocolate/Warm Treats,Maine,4,0,47.65544403,117,0,243.02
596,Hot Chocolate/Warm Treats,Maine,6,9,61.96071662,97,1,166.91
597,Local Politician,Massachusetts,5,17,46.57460553,110,1,164.51
598,Games Of Chance,Maine,9,8,58.49508512,103,0,186.07
599,Games Of Chance,Connecticut,5,6,48.37351295,99,0,205.63
600,craft beer,Maine,3,5,46.95404106,105,0,228.27
601,Steaming Hot Cocktails,Vermont,1,13,37.83460297,101,0,157.1
602,Hot Chocolate/Warm Treats,Maine,8,0,55.19286722,126,0,266.85
603,Local Politician,Maine,7,8,49.50467555,93,0,175.18
604,Homemade Holiday Gifts,Connecticut,5,15,47.4289438,118,0,271.16
605,Games Of Chance,Maine,6,6,70.49661375,116,0,271.48
606,Local Artists,New Hampshire,3,0,50.78132464,105,1,188
607,Games Of Chance,Maine,4,3,58.41574049,107,1,231.38
608,Fried Dough and Pizza,Maine,10,3,45.71882611,105,0,153.9
609,craft beer,Maine,2,6,59.30685331,120,0,237.88
610,Local Artists,Maine,3,8,47.3203343,100,0,189.87
611,Homemade Holiday Gifts,Maine,9,12,45.33372575,119,0,177.68
612,Hot Chocolate/Warm Treats,Maine,4,3,51.16584288,111,0,176.47
613,DIY Ice Sculpture,Maine,13,0,41.7076741,118,0,256.16
614,Canadian Snacks,New Hampshire,5,0,26.04779765,109,1,240.58
615,Video Game/eSports,Maine,1,9,46.17958909,95,0,230.73
616,Canadian Snacks,Maine,9,0,37.52944397,111,0,192.44
617,Steaming Hot Cocktails,New Hampshire,5,8,43.57608742,111,0,216.88
618,Canadian Snacks,New Hampshire,2,1,31.32809889,104,0,171.88
619,Canadian Snacks,Connecticut,8,0,70.68624441,139,0,188.62
620,Fried Dough and Pizza,Quebec,5,8,43.43930908,111,0,272.17
621,Maine Tourism Promotion,Maine,4,1,54.20177833,103,1,221.85
622,DIY Ice Sculpture,Vermont,8,8,87.08566889,124,0,238.15
623,Hot Chocolate/Warm Treats,Maine,9,3,44.6280304,108,0,263.03
624,Homemade Holiday Gifts,Maine,5,14,22.7200374,109,1,156.27
625,DIY Ice Sculpture,Maine,11,8,54.29032734,106,0,187.3
626,Hot Chocolate/Warm Treats,Maine,4,0,45.22612908,115,0,274.78
627,Video Game/eSports,Vermont,6,3,67.30851364,88,0,225.59
628,Games Of Chance,Maine,2,0,28.3459619,123,1,252.76
629,Homemade Holiday Gifts,Massachusetts,5,14,40.27438767,125,0,260.7
630,Video Game/eSports,New Hampshire,4,0,59.68798839,106,0,208.69
631,Hot Chocolate/Warm Treats,Maine,5,1,53.79396943,108,0,183.19
632,Homemade Holiday Gifts,Massachusetts,8,8,67.69174325,137,0,263.37
633,Specialty Ice Cream,New Hampshire,7,2,46.33326393,96,0,242.98
634,craft beer,Maine,1,11,59.28349469,134,0,251.05
635,Homemade Holiday Gifts,Connecticut,5,8,44.66055192,108,0,226.91
636,Homemade Holiday Gifts,Maine,5,11,3.80408235,106,0,187.23
637,Local Politician,Maine,3,0,40.61790781,110,1,266.98
639,Local Artists,Maine,4,8,44.11946922,100,1,231.08
640,Steaming Hot Cocktails,New Hampshire,1,0,58.02941625,109,0,244.01
641,Fried Dough and Pizza,Maine,6,7,27.75341956,104,0,172.55
642,Local Artists,Vermont,5,12,40.4636678,129,1,273.37
643,Local Artists,New Hampshire,7,11,35.41420916,114,1,249.86
644,Homemade Holiday Gifts,Maine,5,9,44.04699965,108,0,221.29
645,Hot Chocolate/Warm Treats,Maine,5,0,35.97047263,100,0,162.4
646,Games Of Chance,Connecticut,8,1,82.43904828,112,0,240.66
647,craft beer,Connecticut,8,0,64.05994408,98,0,238.46
648,Hot Chocolate/Warm Treats,Maine,8,3,66.30223156,95,0,151.87
649,Hot Chocolate/Warm Treats,Maine,4,5,51.7645281,122,0,200.02
651,Games Of Chance,Maine,8,0,51.18662131,107,1,216.33
652,Hot Chocolate/Warm Treats,Connecticut,3,8,32.42469894,116,0,250.33
653,Games Of Chance,Quebec,7,0,54.69904639,106,0,207.06
654,DIY Ice Sculpture,Vermont,9,7,91.56793621,108,0,190.85
655,Local Artists,Massachusetts,4,7,51.24555296,111,0,201.68
656,Fried Dough and Pizza,Maine,5,1,67.58399338,121,0,194.05
657,Games Of Chance,Maine,2,0,56.64654514,91,1,270.91
658,Games Of Chance,Connecticut,1,0,70.40283018,120,0,194.9
659,Video Game/eSports,Maine,1,10,54.78900205,108,0,138.03
660,Canadian Snacks,Maine,7,2,60.18886013,118,0,233.55
661,Local Politician,Maine,8,0,55.53472703,119,1,290.42
662,Canadian Snacks,Maine,5,0,50.62013804,101,0,207.46
663,Canadian Snacks,New Hampshire,5,7,66.775077,105,0,268.07
664,Canadian Snacks,Massachusetts,7,10,43.84614464,119,1,215.49
665,Maine Tourism Promotion,Maine,3,0,52.73340959,110,0,242.28
666,Hot Chocolate/Warm Treats,Connecticut,5,0,63.06040363,100,1,186.14
667,Video Game/eSports,Maine,2,5,51.40688827,106,0,177.88
668,Games Of Chance,Vermont,5,8,51.92113295,107,1,223.36
669,Homemade Holiday Gifts,Massachusetts,5,7,50.14603923,111,0,81.29
670,Hot Chocolate/Warm Treats,Maine,5,1,67.43629059,118,0,184.56
671,Specialty Ice Cream,Maine,5,0,79.17832621,116,0,269.24
672,Hot Chocolate/Warm Treats,Maine,3,11,50.71743059,133,1,280.06
673,Homemade Holiday Gifts,Maine,7,8,12.39416258,116,0,225.14
674,Local Artists,Maine,7,6,46.04880462,121,0,232.63
675,Local Artists,Maine,4,1,39.05171177,119,0,300.7
676,Fried Dough and Pizza,Quebec,5,13,62.65584131,115,0,208.77
677,Specialty Ice Cream,Connecticut,4,9,41.22746367,109,0,193.46
678,Canadian Snacks,Quebec,8,9,52.42585764,112,1,228.28
680,Hot Chocolate/Warm Treats,Maine,8,4,54.92572038,118,0,244.24
681,Homemade Holiday Gifts,Connecticut,4,7,41.72586202,101,0,235.69
682,Local Artists,Maine,1,4,51.18214666,88,0,177.73
683,Hot Chocolate/Warm Treats,Maine,4,0,45.20071394,111,0,217.72
684,Games Of Chance,Quebec,7,9,41.2374961,88,0,219.99
685,Hot Chocolate/Warm Treats,Maine,6,2,48.8228208,83,1,159.79
686,Hot Chocolate/Warm Treats,Ontario,7,2,73.50780142,122,0,271.33
687,Local Artists,Maine,8,7,22.96363311,126,0,239.98
688,Games Of Chance,Maine,4,3,46.35769361,123,0,290.94
689,Hot Chocolate/Warm Treats,Maine,9,3,59.43173562,106,0,280.62
690,Games Of Chance,Maine,5,1,44.36460928,107,0,226.48
691,Maine Tourism Promotion,Maine,6,1,61.210482,128,0,210.77
692,Homemade Holiday Gifts,Vermont,7,0,11.65440668,118,0,215.68
693,Fried Dough and Pizza,Maine,7,15,60.16781309,110,0,155.63
694,Hot Chocolate/Warm Treats,Maine,4,12,48.24808827,109,1,195.32
695,Canadian Snacks,Maine,6,0,50.24332134,136,0,230.86
696,Games Of Chance,Maine,5,7,48.95079704,105,1,242.94
697,Homemade Holiday Gifts,Maine,7,7,33.58007879,113,0,250.02
698,Homemade Holiday Gifts,Maine,4,9,49.22653593,118,0,282.52
699,Video Game/eSports,Vermont,8,2,64.03578621,106,0,234.86
700,craft beer,Maine,5,3,70.3505679,100,1,242.8
4,Other,Other,13,6,5,3,1,7
2,Other,Other,6,8,7,6,1,6
6,Other,Other,5,8,8,7,1,8
9,Other,Other,5,4,5,4,1,7
8,Other,Other,8,8,5,10,1,8
6,Other,Other,8,8,4,1,1,5
8,Other,Other,6,4,9,7,1,8
10,Other,Other,5,2,9,7,1,4